name,subtext,price,rating,stock
Heineken - Draught Keg,Lager | 5.0% | 5 Litres,£ 16.99,(2.92),in stock
Lagunitas A Little Sumpin' Sumpin',IPA | 7.5% | 36 cl,£ 2.89,(3.87),in stock
Birra Moretti Ricetta Originale - BLADE Keg,Lager | 4.6% | 8 Litres,£ 30.99,none,in stock
Brand Winter Bock,Amber & Red Ale | 7.5% | 30 cl,£ 2.29,(3.43),in stock
Tiger Lager - BLADE Keg,| 8 Litres,£ 30.99,none,in stock
Houblon Chouffe,IPA | 9.0% | 33 cl,£ 3.29,(3.79),in stock
Birra Moretti L'Autentica - SUB Keg,Lager | 4.6% | 2 Litres,£ 8.49,(3.10),in stock
Paljas Saison,Saison Beer | 6.0% | 33 cl,£ 2.29,(3.45),in stock
La Chouffe Blonde D'ardenne - SUB Keg,Blond Beer | 8.0% | 2 Litres,£ 18.99,(3.89),in stock
Lagunitas Daytime,IPA | 4.0% | 36 cl,£ 2.29,(3.68),in stock
Birra Moretti Baffo d'Oro - SUB Keg,Lager | 4.8% | 2 Litres,£ 8.99,(3.06),in stock
Blanche De Namur,White Beer | 4.5% | 25 cl,£ 1.99,(3.51),in stock
Desperados - Draught Keg,Lager | 5.9% | 5 Litres,£ 22.99,(3.15),in stock
Paljas Blond,Blond Beer | 6.0% | 33 cl,£ 2.19,(3.37),in stock
Pelforth Blonde - SUB Keg,Lager | 5.8% | 2 Litres,£ 8.99,(2.90),in stock
Lefort Belgian Brown Ale,Quadrupel Beer | 9.0% | 33 cl,£ 3.19,(3.63),in stock
Ciney Blond,Blond Beer | 7.0% | 25 cl,£ 1.89,(3.46),in stock
Beavertown Gamma Ray,Pale Ale | 5.4% | 33 cl,£ 2.59,(3.90),in stock
Judas,Blond Beer | 8.5% | 33 cl,£ 2.49,(3.51),in stock
Heineken - BLADE Keg,Lager | 5.0% | 8 Litres,£ 27.99,(2.92),in stock
Krombacher Pils - Draught Keg,Pilsner & Hoppy Lager | 4.8% | 5 Litres,£ 22.99,(3.26),in stock
Affligem Blond - SUB Keg,Blond Beer | 6.8% | 2 Litres,£ 9.99,(3.76),in stock
Affligem Dubbel,Dubbel Beer | 6.8% | 30 cl,£ 2.19,(3.56),in stock
Kwaremont Pittig Blond,Blond Beer | 6.6% | 33 cl,£ 2.39,(3.49),in stock
Affligem Blond - Draught Keg,Blond Beer | 6.8% | 5 Litres,£ 22.99,(3.76),in stock
Tiger - SUB Keg,Lager | 4.8% | 2 Litres,£ 8.99,none,in stock
Amstel - SUB Keg,Lager | 5.0% | 2 Litres,£ 8.49,(2.85),in stock
Hellfest IPA - SUB Keg,IPA | 6.7% | 2 Litres,£ 17.49,(3.46),in stock
Delirium Tremens - SUB Keg,Blond Beer | 8.5% | 2 Litres,£ 18.99,(3.94),in stock
La Cristal IPA du Mont Blanc - SUB Keg,IPA | 4.7% | 2 Litres,£ 16.99,(3.44),in stock
Lagunitas IPA - SUB Keg,IPA | 6.2% | 2 Litres,£ 13.99,(3.82),in stock
Pelforth Blonde - Draught Keg,Lager | 5.8% | 5 Litres,£ 19.99,(2.90),in stock
Brugge Tripel,Tripel Beer | 8.7% | 33 cl,£ 2.99,(3.58),in stock
Arend Tripel,Tripel Beer | 8.0% | 33 cl,£ 2.89,(3.64),in stock
Fischer Tradition - Draught Keg,Lager | 6.0% | 5 Litres,£ 19.99,(3.05),in stock
Affligem Blond - BLADE Keg,Blond Beer | 6.7% | 8 Litres,£ 36.99,(3.76),in stock
Cherry Chouffe,Sour Beer | 8.0% | 33 cl,£ 3.19,(3.35),in stock
Grimbergen Dubbel,Dubbel Beer | 6.5% | 33 cl,£ 2.79,(3.64),in stock
Petrus Blond,Blond Beer | 6.5% | 33 cl,£ 2.39,(3.34),in stock
BrewDog Clockwork Tangerine,IPA | 4.5% | 33 cl,£ 2.89,(3.55),in stock
Arend Blond,Blond Beer | 6.5% | 33 cl,£ 2.49,(3.31),in stock
Brouwerij 't IJ IJwit,White Beer | 6.5% | 33 cl,£ 2.79,(3.61),in stock
Petaluma Fuzz Brut Rosé IPA,IPA | 6.0% | 35 cl,£ 2.59,none,in stock
Zipfer Urtyp - SUB Keg,Lager | 5.4% | 2 Litres,£ 7.99,(3.06),in stock
Chimay Wit,Tripel Beer | 8.0% | 33 cl,£ 3.09,(3.81),in stock
Heineken - SUB Keg,Lager | 5.0% | 2 Litres,£ 8.49,(2.92),in stock
De Koninck Triple D'Anvers,Tripel Beer | 8.0% | 33 cl,£ 3.09,(3.64),in stock
Moor RAW,Pale Ale | 4.3% | 33 cl,£ 2.50,(3.69),in stock
Birra Moretti Zero,Blond Beer | 0.0% | 33 cl,£ 1.69,(2.33),in stock
Fourpure Last Train Oatmeal Stout,Porter & Stout | 5.1% | 33 cl,£ 2.59,(3.63),in stock
Achel Bruin,Dubbel Beer | 8.0% | 33 cl,£ 3.19,(3.80),in stock
Brand Imperator,Bock Beer | 6.5% | 30 cl,£ 1.99,(3.48),in stock
Paulaner Hefeweizen Naturtrüb,German Wheat Beer | 5.5% | 50 cl,£ 2.79,(3.71),in stock
Jopen Gin Trinitas Tripel,Tripel Beer | 9.0% | 33 cl,£ 3.49,(3.53),in stock
Rodenbach Grand Cru,Sour Beer | 6.0% | 33 cl,£ 2.99,(4.05),in stock
Fourpure Base Camp Pils Lager,Pilsner & Hoppy Lager | 4.7% | 33 cl,£ 2.59,(3.29),in stock
Oedipus Gaia IPA,IPA | 7.0% | 33 cl,£ 3.19,(3.69),in stock
Fourpure Hemisphere Session IPA,IPA | 4.2% | 33 cl,£ 2.49,(3.48),in stock
Beavertown Bloody Ell,IPA | 5.5% | 33 cl,£ 2.89,none,in stock
Ardwen Blonde,Blond Beer | 5.6% | 33 cl,£ 2.49,(3.26),in stock
Seven Bro7hers Hoppy Pale,IPA | 3.8% | 33 cl,£ 2.49,(3.45),in stock
Erdinger Alcohol vrij,German Wheat Beer | 0.5% | 33 cl,£ 1.69,(2.80),in stock
Gulpener Spicy Roger,IPA | 8.0% | 30 cl,£ 2.99,(3.43),in stock
Lindemans Kriek,Fruit Beer | 3.5% | 25 cl,£ 2.19,(3.54),in stock
Mongozo Premium Pilsener,Pilsner & Hoppy Lager | 5.0% | 33 cl,£ 2.49,(2.82),in stock
Leffe Bruin,Dubbel Beer | 6.5% | 30 cl,£ 2.69,(3.64),in stock
Bellfield Session Ale,Pale Ale | 3.8% | 33 cl,£ 2.39,none,in stock
Paulaner Hefe Weissbier Alcoholvrij,German Wheat Beer | 0.5% | 33 cl,£ 1.89,(2.67),in stock
Bruut Gajes Tripel,Tripel Beer | 8.0% | 33 cl,£ 3.19,(3.76),in stock
Stone IPA,IPA | 6.9% | 36 cl,£ 2.69,(3.83),in stock
Kirin Ichiban,Lager | 5.0% | 33 cl,£ 2.39,(3.10),in stock
First Chop HOP,IPA | 4.1% | 33 cl,£ 2.29,(3.40),in stock
First Chop SUP,IPA | 3.9% | 33 cl,£ 2.39,(3.24),in stock
Pelforth IPA - Draught Keg,IPA | 5.9% | 5 Litres,£ 20.99,(2.60),in stock
Postel Blond,Blond Beer | 7.0% | 33 cl,£ 2.49,(3.45),in stock
Texels Bock,Bock Beer | 7.0% | 30 cl,£ 2.69,(3.53),in stock
Bière Des Sans-Culottes Blonde Légère,Blond Beer | 6.0% | 33 cl,£ 2.79,(3.20),in stock
Brand Weizen 0.0,German Wheat Beer | 0.0% | 30 cl,£ 1.79,(2.96),in stock
Marshall Classic,Blond Beer | 6.5% | 33 cl,£ 2.59,(3.21),in stock
Brumore IPA 0.0%,IPA | 0.0% | 33 cl,£ 1.59,none,in stock
First Chop RED,Amber & Red Ale | 4.6% | 33 cl,£ 2.59,(3.29),in stock
Het Uiltje F*ck the Christmas tree is on fire!,Porter & Stout | 10.0% | 33 cl,£ 3.79,(3.65),in stock
St. Feuillien Five,Blond Beer | 5.0% | 33 cl,£ 2.39,(3.02),in stock
Postel Dubbel,Dubbel Beer | 7.0% | 33 cl,£ 2.69,(3.38),in stock
Lagunitas 12th of Never Ale,IPA | 5.5% | 36 cl,£ 2.29,(3.75),in stock
Gebrouwen door Vrouwen Glüh Weizen,White Beer | 6.5% | 33 cl,£ 2.59,(3.36),in stock
Noordt LagerLab Quadruppel,Quadrupel Beer | 10.3% | 33 cl,£ 4.29,none,in stock
Texels Skuumkoppe,German Wheat Beer | 6.0% | 30 cl,£ 2.79,(3.72),in stock
Beavertown Neck Oil,IPA | 4.3% | 33 cl,£ 2.59,(3.75),in stock
Engelszell Trappisten Weiße,German Wheat Beer | 4.9% | 33 cl,£ 3.29,(3.28),in stock
Jopen Mooie Nel IPA,IPA | 6.5% | 33 cl,£ 2.99,(3.86),in stock
Brixton Coldharbour Lager,Pilsner & Hoppy Lager | 4.5% | 33 cl,£ 2.69,none,in stock
Brixton Reliance,Pale Ale | 4.0% | 33 cl,£ 2.69,none,in stock
Fourpure Shapeshifter IPA,IPA | 5.9% | 33 cl,£ 2.69,(3.79),in stock
Brumore Weizen 0.0%,German Wheat Beer | 0.0% | 33 cl,£ 1.59,none,in stock
Jopen Koyt,Brown Ale | 8.5% | 33 cl,£ 3.29,(3.65),in stock
COAST Hazy IPA,Pale Ale | 0.0% | 33 cl,£ 2.19,(2.71),in stock
Bird Brewery Lekkerinde Kauw,Bock Beer | 7.0% | 33 cl,£ 3.09,(3.55),in stock
Rivière d’Ain Rousse,Amber & Red Ale | 6.6% | 33 cl,£ 3.49,(3.66),in stock
Five Points Pils,Pilsner & Hoppy Lager | 4.8% | 33 cl,£ 2.49,none,in stock
Old Mout Pineapple & Raspberry,Cider | 4.0% | 50 cl,£ 2.29,(3.50),in stock
Five Points Pale,Pale Ale | 4.4% | 33 cl,£ 2.59,none,in stock
En Stoemelings Tanteke,Saison Beer | 6.0% | 33 cl,£ 2.89,(3.32),in stock
Magic Rock High Wire Grapefruit,Pale Ale | 5.5% | 33 cl,£ 2.89,(3.71),in stock
En Stoemelings Curieuse Neus,Tripel Beer | 7.0% | 33 cl,£ 2.99,(3.53),in stock
Magic Rock Salty Kiss,Sour Beer | 4.1% | 33 cl,£ 2.79,(3.48),in stock
Magic Rock Dancing Bier,Pilsner & Hoppy Lager | 4.5% | 33 cl,£ 2.25,none,in stock
Old Mout Kiwi & Lime,Cider | 4.0% | 50 cl,£ 2.29,(3.54),in stock
Wild Beer Co Bibble,Pale Ale | 4.2% | 33 cl,£ 2.69,(3.67),in stock
Leffe Blond,Blond Beer | 6.6% | 30 cl,£ 2.59,(3.71),in stock
Magic Rock Cannonball,IPA | 7.4% | 33 cl,£ 3.29,(3.90),in stock
Rivière d'Ain Ambrée,Amber & Red Ale | 6.5% | 33 cl,£ 3.49,(3.58),in stock
Brewdog Hazy Jane,IPA | 7.2% | 33 cl,£ 3.29,none,in stock
Bierbrouwerij Breugem Herfstbock,Bock Beer | 7.2% | 33 cl,£ 2.99,none,in stock
Big Drop Uptown Craft Lager,Lager | 0.5% | 33 cl,£ 2.09,(2.39),in stock
Five Points XPA,Pale Ale | 4.0% | 33 cl,£ 2.49,none,in stock
Asahi Super Dry,Lager | 5.2% | 33 cl,£ 2.49,(3.07),in stock
Thornbridge Little by Little,Porter & Stout | 0.5% | 33 cl,£ 1.99,(2.91),in stock
Brixton Low Voltage,IPA | 4.3% | 33 cl,£ 2.69,none,in stock
Fourpure Easy Peeler Session IPA,IPA | 4.0% | 33 cl,£ 2.39,(3.49),in stock
En Stoemelings Vogelpik,Blond Beer | 5.0% | 33 cl,£ 2.89,(3.30),in stock
Bellfield Craft Lager,Lager | 5.2% | 33 cl,£ 2.69,(3.22),in stock
Ninkasi Brut IPA,IPA | 5.6% | 33 cl,£ 3.29,(3.36),in stock
Vedett Extra Blond,Blond Beer | 5.2% | 33 cl,£ 2.39,(3.31),in stock
Stone Ripper Pale Ale,Pale Ale | 5.7% | 36 cl,£ 2.69,(3.44),in stock
Jessenhofke RGLR,Pale Ale | 3.5% | 33 cl,£ 2.49,(2.92),in stock
Fourpure Rift Vally,Pale Ale | 2.8% | 44 cl,£ 2.29,none,in stock
Rivière d'Ain Thou Blanche,White Beer | 5.4% | 33 cl,£ 3.49,(3.80),in stock
Stone Arrogant Bastard Ale,Brown Ale | 7.2% | 47 cl,£ 3.49,(3.78),in stock
Old Mout Berries & Cherries,Cider | 4.0% | 50 cl,£ 2.29,(3.55),in stock
Hawkes Urban Orchard,Cider | 4.5% | 33 cl,£ 2.49,(3.44),in stock
Fourpure Juicebox Citrus IPA,IPA | 5.9% | 33 cl,£ 2.69,(3.82),in stock
Wild Beer Co Nebula,IPA | 5.0% | 33 cl,£ 2.99,(3.66),in stock
Edelweiss Blanche - Draught Keg,White Beer | 5.0% | 5 Litres,£ 20.99,(3.24),in stock
Brumore Lager 0.0%,Lager | 0.0% | 33 cl,£ 1.59,none,in stock
Stone Tangerine Express,IPA | 6.7% | 36 cl,£ 2.99,(3.74),in stock
Mount Saint Bernard Tynt Meadow,Brown Ale | 7.4% | 33 cl,£ 3.59,(3.81),in stock
Budels Honing Bio,Lager | 4.5% | 30 cl,£ 2.09,(3.08),in stock
Poesiat & Kater Kaintz,Tripel Beer | 8.0% | 33 cl,£ 3.39,(3.48),in stock
Fourpure Deucebox Double Citrus IPA,IPA | 8.3% | 44 cl,£ 4.29,(3.82),in stock
Five Points JUPA,Pale Ale | 5.5% | 33 cl,£ 2.59,(3.60),in stock
Wiper & True Kaleidoscope,Pale Ale | 4.2% | 33 cl,£ 2.69,(3.68),in stock
Sagres,Lager | 5.0% | 33 cl,£ 1.89,none,in stock
Poesiat & Kater: Van Vollenhoven Princesse Bier,White Beer | 5.0% | 33 cl,£ 3.09,(3.29),in stock
Wilde Beer Co Fruitbooter,Sour Beer | 5.1% | 33 cl,£ 3.99,none,in stock
Mort Subite Geuze Lambic,Sour Beer | 4.5% | 25 cl,£ 1.89,(3.30),in stock
Wild Beer Co Redwood,Sour Beer | 5.6% | 33 cl,£ 3.99,none,in stock
Wild Beer Pogo,Pale Ale | 4.1% | 33 cl,£ 2.79,(3.69),in stock
Noordt Chrismas Pale Ale,Pale Ale | 7.0% | 33 cl,£ 3.39,none,in stock
Wild Beer Co Millionaire,Porter & Stout | 4.7% | 33 cl,£ 3.50,(3.77),in stock
Magic Rock Fantasma,| 6.5% | 33 cl,£ 2.89,none,in stock
Noordt LagerLab Enkel,Blond Beer | 4.2% | 33 cl,£ 3.99,none,in stock
Hawkes Dead and Berried,Cider | 4.0% | 33 cl,£ 2.59,(3.56),in stock
Overworks Cosmic Crush Cherry,Sour Beer | 6.3% | 50 cl,£ 8.39,none,in stock
Magic Rock High Wire,Pale Ale | 5.5% | 33 cl,£ 2.89,(3.80),in stock
Old Mout Berries & Cherries Alcohol Free,Cider | 0.1% | 50 cl,£ 1.99,(3.40),in stock
Wild Beer Company Yokai,Pale Ale | 4.5% | 33 cl,£ 2.59,none,in stock
Tiger Lager,Lager | 5.0% | 33 cl,£ 2.19,(2.94),in stock
Hawkes Doom and Bloom,Cider | 4.0% | 33 cl,£ 2.59,(3.42),in stock
Weihenstephan Hefe Weizen Alcoholarm,German Wheat Beer | 0.5% | 50 cl,£ 2.09,(2.68),in stock
Bird Brewery Nog Eendje,Blond Beer | 6.0% | 33 cl,£ 2.89,(3.40),in stock
BrewDog Punk IPA Can,IPA | 5.6% | 33 cl,£ 2.49,none,in stock
"Budels Malty Dark 0,0%",Lager | 0.0% | 30 cl,£ 2.49,(1.85),in stock
Murphy's Irish Stout,Porter & Stout | 4.0% | 50 cl,£ 2.49,(3.51),in stock
Desperados,Lager | 5.9% | 33 cl,£ 1.89,(3.15),in stock
BrewDog Punk AF,Pale Ale | 0.5% | 33 cl,£ 2.29,(3.12),in stock
Noordt LagerLab Dubbel,Dubbel Beer | 7.5% | 33 cl,£ 3.99,none,in stock
Magic Rock Saucery,| 3.9% | 33 cl,£ 2.29,none,in stock
Brewdog Elvis Juice Can,Lager | 6.5% | 33 cl,£ 2.89,none,in stock
Sol,Lager | 4.5% | 33 cl,£ 1.79,(3.01),in stock
En Stoemelings Hoppy Madame,White Beer | 4.5% | 33 cl,£ 2.89,(3.18),in stock
Thornbridge Lukas Can,Lager | 4.2% | 33 cl,£ 2.59,none,in stock
Budels Hopped 0.0% Bio,Pale Ale | 0.0% | 33 cl,£ 2.19,(2.79),in stock
Rivière d'Ain Blanche,White Beer | 5.3% | 33 cl,£ 3.39,(3.75),in stock
Thornbridge Am:Pm,IPA | 4.5% | 33 cl,£ 3.09,(3.67),in stock
Brutal Ship full of IPA Alcohol Free,Pale Ale | 0.0% | 33 cl,£ 2.29,(3.44),in stock
Tre Fontane Scala Coeli,Blond Beer | 6.7% | 33 cl,£ 4.49,(3.49),in stock
Wilde Beer Co Tepache,Sour Beer | 6.0% | 33 cl,£ 3.59,(3.65),in stock
Thornbridge Jaipur,IPA | 5.9% | 33 cl,£ 3.29,(3.95),in stock
Wild Beer Co Choked Up,Sour Beer | 5.8% | 33 cl,£ 4.49,none,in stock
Lagunitas IPA,IPA | 6.2% | 36 cl,£ 2.79,(3.82),in stock
Noordt LagerLab Scotch,Brown Ale | 8.0% | 33 cl,£ 4.09,none,in stock
Bird Brewery / Grutte Pier Fryskauw,Bock Beer | 7.5% | 33 cl,£ 2.99,(3.71),in stock
Wiper & True Small Beer,Pale Ale | 2.7% | 33 cl,£ 2.29,(3.37),in stock
Noordt LagerLab Blond,Blond Beer | 6.5% | 33 cl,£ 3.99,none,in stock
Moor Nor'Hop,Pale Ale | 4.1% | 33 cl,£ 2.59,(3.70),in stock
Pistonhead Flat Tire,Lager | 0.5% | 33 cl,£ 1.79,none,in stock
Rivière d'Ain Blonde,Blond Beer | 6.0% | 33 cl,£ 3.49,(3.54),in stock
Breugem Saens Zoentje,Blond Beer | 6.2% | 33 cl,£ 3.09,(3.43),in stock
BrewDog Dead Pony Club Can,Pale Ale | 3.8% | 33 cl,£ 2.49,none,in stock
Noordt LagerLab Tripel,Tripel Beer | 8.1% | 33 cl,£ 4.09,none,in stock
Lucky Saint Unfiltered Lager,Lager | 0.5% | 33 cl,£ 2.19,(3.00),in stock
Brugse Zot Dubbel,Dubbel Beer | 7.5% | 33 cl,£ 3.09,(3.59),in stock
Hapkin,Blond Beer | 8.5% | 33 cl,£ 2.49,(3.53),out of stock
Hofbräu Kaltenhausen Gandolf IPA - SUB Keg,IPA | 7.9% | 2 Litres,£ 9.99,(3.60),in stock
Birra Moretti L'Autentica - SUB Keg,Lager | 4.6% | 2 Litres,£ 8.49,(3.10),in stock
Stone IPA - SUB Keg,IPA | 6.9% | 2 Litres,£ 16.99,(3.83),out of stock
La Chouffe Blonde D'ardenne,Blond Beer | 8.0% | 33 cl,£ 3.09,(3.89),out of stock
BrewDog Nanny State,IPA | 0.5% | 33 cl,£ 2.09,none,in stock
Lefort Tripel,Tripel Beer | 8.8% | 33 cl,£ 3.09,(3.74),in stock
Brand IPA,IPA | 7.0% | 30 cl,£ 2.09,(3.41),out of stock
Erdinger Hefeweizen,German Wheat Beer | 5.3% | 33 cl,£ 2.19,(3.71),in stock
Cruzcampo Especial - SUB Keg,Lager | 5.6% | 2 Litres,£ 8.49,(2.74),out of stock
Kasteel Tripel,Tripel Beer | 11.0% | 33 cl,£ 3.39,(3.67),in stock
Mort Subite Witte Lambic,White Beer | 5.5% | 25 cl,£ 1.89,(3.43),out of stock
Brand IPA 0.0,IPA | 0.0% | 30 cl,£ 2.09,(2.96),in stock
Desperados - SUB Keg,Lager | 5.9% | 2 Litres,£ 9.99,(3.15),out of stock
Brixton Atlantic APA,Pale Ale | 5.4% | 33 cl,£ 2.69,none,in stock
Kasteel Blonde,Blond Beer | 7.0% | 33 cl,£ 2.59,(3.49),out of stock
Mort Subite Kriek Lambic,Fruit Beer | 4.0% | 25 cl,£ 1.89,(3.45),in stock
Overworks Funk X Punk,Saison Beer | 5.5% | 50 cl,£ 5.99,none,in stock
BrewDog Punk IPA - SUB Keg,Lager | 5.6% | 2 Litres,£ 14.99,(3.85),out of stock
St. Feuillien Blond,Blond Beer | 7.5% | 33 cl,£ 2.69,(3.55),out of stock
Rochefort 8',Quadrupel Beer | 9.2% | 33 cl,£ 3.39,(4.03),in stock
Brugse Zot Blond,Blond Beer | 6.0% | 33 cl,£ 2.69,(3.71),out of stock
Strongbow Original Cider - SUB Keg,Cider | 5.0% | 2 Litres,£ 8.49,(3.41),out of stock
Brand UP,Pilsner & Hoppy Lager | 5.5% | 30 cl,£ 1.89,(3.25),in stock
Pauwel Kwak,Amber & Red Ale | 8.4% | 33 cl,£ 2.99,(3.95),out of stock
Overworks Cosmic Crush Pear,Sour Beer | 6.0% | 50 cl,£ 8.39,none,in stock
Brixton Low Voltage - SUB Keg,IPA | 4.3% | 2 Litres,£ 15.99,none,out of stock
Adriaen Brouwer Oaked,Quadrupel Beer | 10.0% | 33 cl,£ 2.49,(3.57),out of stock
Overworks Cosmic Crush Tropical,Sour Beer | 5.6% | 50 cl,£ 8.39,none,in stock
Wild Sleeping Limes,| 4.6% | 33 cl,£ 2.39,none,in stock
Het Uiltje Blazin' Raisin,Bock Beer | 6.5% | 33 cl,£ 3.09,(3.38),out of stock
Affligem Tripel,Tripel Beer | 9.0% | 30 cl,£ 2.19,(3.57),out of stock
Boon Kriek,Fruit Beer | 4.0% | 38 cl,£ 3.19,(3.54),out of stock
Mondo Little Victories,IPA | 4.3% | 33 cl,£ 2.89,none,in stock
Chouffe Soleil,Blond Beer | 6.0% | 33 cl,£ 2.99,(3.73),out of stock
Postel Tripel,Tripel Beer | 9.0% | 33 cl,£ 3.29,(3.58),in stock
Fourpure Hemisphere Session IPA - SUB Keg,IPA | 4.2% | 2 Litres,£ 14.99,(3.48),out of stock
St. Feuillien Grand Cru,Blond Beer | 9.5% | 33 cl,£ 2.99,(3.79),out of stock
Overworks Merciful Maverick,Saison Beer | 6.4% | 50 cl,£ 9.59,none,in stock
Newcastle Brown Ale - SUB Keg,Brown Ale | 4.7% | 2 Litres,£ 9.99,(3.42),out of stock
St. Feuillien Noël,Brown Ale | 9.0% | 33 cl,£ 2.99,(3.58),out of stock
Affligem Blond,Blond Beer | 6.8% | 30 cl,£ 1.89,(3.76),out of stock
Strongbow Dark Fruit,Cider | 4.0% | 44 cl,£ 2.09,(3.35),in stock
Ciney Bruin,Dubbel Beer | 7.0% | 25 cl,£ 1.89,(3.39),out of stock
St. Bernardus Tripel,Tripel Beer | 8.0% | 33 cl,£ 3.09,(3.89),in stock
Westmalle Tripel,Tripel Beer | 9.5% | 33 cl,£ 2.99,(3.93),out of stock
Red Stripe,Lager | 4.7% | 33 cl,£ 1.69,none,in stock
Gösser Radler - SUB Keg,Lager | 2.0% | 2 Litres,£ 7.99,none,out of stock
Lagunitas The Waldos' Special Ale,Pale Ale | 11.7% | 35 cl,£ 3.59,(4.08),out of stock
De Eeuwige Jeugd Lellebel,Blond Beer | 5.7% | 33 cl,£ 2.99,(3.59),out of stock
Wild Beer Co Wild & Free Citrus Soda,Fruit Beer | 0.5% | 33 cl,£ 2.39,none,out of stock
Birra Ichnusa,Lager | 4.7% | 33 cl,£ 1.89,(2.85),out of stock
Brand Up - SUB Keg,Pilsner & Hoppy Lager | 5.5% | 2 Litres,£ 8.49,(3.25),out of stock
Palm 0.0,Pale Ale | 0.0% | 25 cl,£ 1.69,(2.06),out of stock
La Trappe Witte Trappist,White Beer | 5.5% | 33 cl,£ 2.39,(3.64),in stock
La Blanche du Mont Blanc,White Beer | 4.7% | 33 cl,£ 2.69,(3.51),out of stock
Bird Brewery Fuut Fieuw,Lager | 4.6% | 33 cl,£ 2.79,(3.44),out of stock
Oedipus Mannenliefde,Saison Beer | 6.0% | 33 cl,£ 2.99,(3.49),out of stock
Old Mout Strawberry & Pomegranate,Cider | 4.0% | 50 cl,£ 2.29,(3.54),out of stock
Wild Beer Co Fresh,Pale Ale | 5.5% | 33 cl,£ 2.89,(3.70),out of stock
Brasserie De Sutter La Givrée,White Beer | 5.5% | 33 cl,£ 2.59,(3.16),in stock
Pistonhead Amber,Amber & Red Ale | 6.0% | 33 cl,£ 2.39,none,out of stock
Vedett Extra Session IPA,IPA | 2.7% | 33 cl,£ 2.19,(2.93),out of stock
BrewDog Hazy AF,IPA | 0.5% | 33 cl,£ 2.29,(3.21),out of stock
Stone / Metallica Enter Night,Pilsner & Hoppy Lager | 5.7% | 47 cl,£ 2.89,(3.54),out of stock
Kees Export Porter 1750,Porter & Stout | 10.5% | 33 cl,£ 3.89,(3.97),out of stock
Tyris Paquita Brown,Brown Ale | 5.5% | 33 cl,£ 2.69,none,out of stock
Ninkasi Flower Lager,Lager | 6.5% | 33 cl,£ 2.79,(3.24),out of stock
Affligem Fris Blond,Blond Beer | 4.6% | 33 cl,£ 1.89,(3.32),out of stock
De Leckere Blauwe Bijl,Barley Wine | 10.0% | 25 cl,£ 2.99,(3.49),out of stock
"Vagabund My Saddle, My Pony & Me",Pale Ale | 5.2% | 33 cl,£ 2.99,(3.53),out of stock
Kompaan Handlanger,IPA | 8.2% | 33 cl,£ 3.39,(3.69),out of stock
Belfort 8°,Blond Beer | 8.0% | 33 cl,£ 3.19,(3.47),out of stock
Neleman Vrolijkheid Naranja,Lager | 5.0% | 33 cl,£ 2.99,(3.07),out of stock
Bruut Stennis,Lager | 5.5% | 33 cl,£ 2.99,(3.34),out of stock
Rodenbach Classic,Sour Beer | 5.2% | 25 cl,£ 2.19,(3.58),out of stock
Brussels Beer Project Jungle Joy,Dubbel Beer | 6.6% | 33 cl,£ 2.89,(3.48),out of stock
Ninkasi Smoky Ale,Amber & Red Ale | 6.0% | 33 cl,£ 2.99,(3.42),out of stock
Five Points Railway Porter,Porter & Stout | 4.8% | 33 cl,£ 2.69,(3.74),out of stock
Kompaan Badgast 0.5%,Pale Ale | 0.5% | 30 cl,£ 2.09,(3.38),in stock
First Chop JAM,Pale Ale | 4.0% | 33 cl,£ 2.55,(3.14),out of stock
Ninkasi Hell of a Saison,Saison Beer | 6.0% | 33 cl,£ 3.19,none,out of stock
Thornbridge Green Mountain,IPA | 4.3% | 33 cl,£ 2.59,none,out of stock
Crate Session IPA,IPA | 3.6% | 33 cl,£ 2.89,(3.41),out of stock
Heineken 0.0 - BLADE Keg,Lager | 0.0% | 8 Litres,£ 18.99,(2.30),out of stock
Moretti L'Autentica,Lager | 4.6% | 33 cl,£ 1.69,(3.10),in stock
Brlo Berliner Weisse,Sour Beer | 4.0% | 33 cl,£ 2.69,(3.15),in stock
Fourpure Peach State,Sour Beer | 3.4% | 33 cl,£ 2.89,none,out of stock
La Débauche Saison,Saison Beer | 7.0% | 33 cl,£ 2.99,(3.45),out of stock
Wild Beer Co Wild & Free Berry Soda,Fruit Beer | 0.5% | 33 cl,£ 2.39,none,out of stock
Zundert Trappist 10,Quadrupel Beer | 10.0% | 33 cl,£ 3.69,(3.79),out of stock
La Trappe Isid'or,Amber & Red Ale | 7.5% | 33 cl,£ 2.99,(3.83),out of stock
Bintang,Lager | 4.7% | 33 cl,£ 2.29,(2.00),out of stock
O'Hara's Pale Ale,Pale Ale | 5.2% | 33 cl,£ 2.39,(3.43),in stock
Budweiser alcoholvrij,Pilsner & Hoppy Lager | 0.5% | 33 cl,£ 1.69,(2.19),out of stock
Kompaan Joey Greenhorn,IPA | 6.0% | 33 cl,£ 2.99,(3.67),out of stock
Lindemans Cassis,Fruit Beer | 3.5% | 38 cl,£ 2.89,(3.67),in stock
Brand Session IPA - SUB Keg,IPA | 3.5% | 2 Litres,£ 8.99,(3.15),out of stock
Brunehaut blonde bio,Blond Beer | 5.5% | 33 cl,£ 2.59,(3.14),in stock
Tripel Karmeliet,Tripel Beer | 8.4% | 33 cl,£ 2.99,(4.10),in stock
Jever Fun,| 0.3% | 33 cl,£ 1.79,(2.46),out of stock
Duchesse De Bourgogne,Sour Beer | 6.2% | 25 cl,£ 2.19,(3.80),out of stock
Poesiat & Kater: Van Vollenhoven Extra Stout,Porter & Stout | 7.1% | 33 cl,£ 3.19,(3.58),out of stock
vandeStreek Playground IPA Alcoholvrij,IPA | 0.5% | 33 cl,£ 2.39,none,in stock
Chimay Rood,Dubbel Beer | 7.0% | 33 cl,£ 2.69,(3.82),in stock
Brand Blond,Blond Beer | 8.5% | 30 cl,£ 2.29,(3.65),out of stock
De Molen Hemel & Aarde,Porter & Stout | 10.0% | 33 cl,£ 4.29,(3.92),out of stock
Blanche De Silly,White Beer | 5.0% | 25 cl,£ 2.49,(3.22),out of stock
Palm,Pale Ale | 5.2% | 25 cl,£ 1.99,(3.36),out of stock
Cinema Brewers Big Lebowski,Pilsner & Hoppy Lager | 4.5% | 33 cl,£ 2.69,(3.28),out of stock
De Molen Vuur & Vlam IPA,IPA | 6.2% | 33 cl,£ 2.79,(3.70),out of stock
Boon Oude Geuze,Sour Beer | 7.0% | 38 cl,£ 3.99,(3.57),in stock
Brasserie Lefebvre Barbar Blond,Blond Beer | 8.0% | 33 cl,£ 2.99,(3.52),out of stock
Brouwerij 't IJ Flink,Pale Ale | 4.7% | 33 cl,£ 2.59,(3.44),out of stock
Iki Yuzu,Pale Ale | 4.5% | 33 cl,£ 2.29,(3.08),out of stock
Jopen Life's A Beach Session IPA,IPA | 3.3% | 33 cl,£ 2.69,(3.51),out of stock
Rochefort 6',Dubbel Beer | 7.5% | 33 cl,£ 2.89,(3.82),out of stock
Brouwerij 't IJ Columbus,Blond Beer | 9.0% | 33 cl,£ 3.39,(3.60),out of stock
Berging Brouwerij B3 Tripel,Tripel Beer | 7.8% | 33 cl,£ 3.19,(3.58),out of stock
White Pony Microbrewery X.M.A.S,Brown Ale | 6.2% | 33 cl,£ 2.59,(2.85),out of stock
De Molen Hop & Liefde,Pale Ale | 4.8% | 33 cl,£ 2.89,(3.62),in stock
SOL - SUB Keg,Lager | 4.5% | 2 Litres,£ 7.99,(3.01),out of stock
Grimbergen Triple,Tripel Beer | 9.0% | 33 cl,£ 3.29,(3.74),in stock
Bevog Deetz Kolsch,Pale Ale | 4.8% | 33 cl,£ 2.79,(3.53),out of stock
Emelisse Blond IPA,IPA | 6.8% | 33 cl,£ 2.69,(3.51),out of stock
Lowlander IPA,IPA | 6.0% | 33 cl,£ 3.09,(3.77),out of stock
Brouwerij Noordt New England IPA,IPA | 3.0% | 33 cl,£ 2.89,(3.52),out of stock
Tre Fontane Trappistenbier,Tripel Beer | 8.0% | 33 cl,£ 5.99,(3.66),out of stock
Texels Skiller Wit,White Beer | 5.0% | 30 cl,£ 2.49,(3.33),out of stock
De Molen Amarillo,IPA | 9.3% | 33 cl,£ 3.69,(3.86),out of stock
Budels Bio Pilsener,Pilsner & Hoppy Lager | 5.0% | 30 cl,£ 2.19,(3.07),in stock
Bronckhorster Alternative,Brown Ale | 6.5% | 33 cl,£ 3.39,(3.44),out of stock
Brooklyn Sorachi Ace,Saison Beer | 7.2% | 36 cl,£ 3.99,(3.69),out of stock
Oedipus Mama,Pale Ale | 5.0% | 33 cl,£ 2.89,(3.46),in stock
Kompaan Vrijbuiter,Porter & Stout | 7.1% | 33 cl,£ 3.09,(3.48),out of stock
Oedipus Thai Thai,Tripel Beer | 8.0% | 33 cl,£ 3.39,(3.64),in stock
Kompaan Kameraad,Pilsner & Hoppy Lager | 5.0% | 33 cl,£ 2.49,(3.23),in stock
Muifelbrouwerij Zuster Agatha,Quadrupel Beer | 10.0% | 33 cl,£ 3.69,(3.69),out of stock
Emelisse Espresso Stout,Porter & Stout | 9.5% | 33 cl,£ 3.59,(3.85),out of stock
Brouwerij Noordt Bok,Bock Beer | 7.0% | 33 cl,£ 3.19,(3.50),in stock
De Leckere Witte Vrouwen,White Beer | 5.0% | 25 cl,£ 2.29,(3.32),out of stock
Gösser Zwickl - SUB Keg,Lager | 5.2% | 2 Litres,£ 8.99,(3.30),out of stock
De Molen Bommen & Granaten,Barley Wine | 11.9% | 33 cl,£ 4.69,(3.91),out of stock
Troubadour Magma,IPA | 9.0% | 33 cl,£ 3.09,(3.73),out of stock
Delirium Red,Fruit Beer | 8.0% | 33 cl,£ 2.79,(3.58),in stock
First Chop PIP,Saison Beer | 6.3% | 33 cl,£ 2.95,(3.48),out of stock
Vicaris Generaal,Brown Ale | 8.5% | 33 cl,£ 3.05,(3.54),out of stock
Malheur 6,Blond Beer | 6.0% | 25 cl,£ 2.29,(3.35),out of stock
Frontaal Tankard,IPA | 3.9% | 33 cl,£ 2.99,(3.34),out of stock
Jessenhofke WNTR,Brown Ale | 10.0% | 33 cl,£ 3.29,(3.43),out of stock
Troubadour Blond,Blond Beer | 6.5% | 33 cl,£ 2.59,(3.49),out of stock
Brasserie De Sutter Crazy IPA,Lager | 6.5% | 33 cl,£ 2.89,(3.40),in stock
Straffe Hendrik Tripel,Tripel Beer | 9.0% | 33 cl,£ 3.49,(3.83),in stock
Steenbrugge Blond,Blond Beer | 6.5% | 33 cl,£ 2.79,(3.45),in stock
Ninkasi Triple,Tripel Beer | 8.4% | 33 cl,£ 3.19,(3.54),out of stock
St. Bernardus Wit,White Beer | 5.5% | 33 cl,£ 2.29,(3.67),out of stock
Bellfield Bohemian Pilsner,Pilsner & Hoppy Lager | 4.5% | 33 cl,£ 2.49,(3.14),out of stock
Omer Traditional Blonde,Blond Beer | 8.0% | 33 cl,£ 3.09,(3.64),out of stock
Brussels Beer Project Red My Lips,IPA | 4.7% | 33 cl,£ 3.19,(3.38),out of stock
Ardwen Woinic APA,Pale Ale | 6.5% | 33 cl,£ 2.69,(3.46),in stock
Harviestoun Schiehallion,Pilsner & Hoppy Lager | 4.8% | 33 cl,£ 2.79,(3.47),in stock
Bruut Wazig,IPA | 5.0% | 33 cl,£ 2.89,(3.74),out of stock
Aubrac Blonde,Blond Beer | 5.8% | 33 cl,£ 3.05,(3.15),out of stock
First Chop POD,Porter & Stout | 4.2% | 33 cl,£ 2.49,(3.51),out of stock
Malheur 12,Quadrupel Beer | 11.5% | 33 cl,£ 3.69,(3.89),out of stock
Weihenstephan Dunkles Weizen,German Wheat Beer | 5.3% | 50 cl,£ 2.69,(3.81),out of stock
Malheur 10,Blond Beer | 10.0% | 33 cl,£ 3.19,(3.73),out of stock
And Union FRIDAY,Lager | 6.5% | 33 cl,£ 2.69,(3.66),out of stock
Cornet,Blond Beer | 8.5% | 33 cl,£ 3.19,(3.66),out of stock
Troubadour Imperial Stout,Porter & Stout | 9.0% | 33 cl,£ 2.99,(3.74),out of stock
Dubuisson Surfine,Saison Beer | 6.5% | 33 cl,£ 2.69,(3.30),out of stock
First Chop POP,IPA | 5.4% | 33 cl,£ 2.85,(3.41),out of stock
Moinette Biologique,Saison Beer | 7.5% | 25 cl,£ 2.49,(3.71),out of stock
And Union SUNDAY,Pale Ale | 5.5% | 33 cl,£ 2.69,(3.52),out of stock
Maisel & Friends Pale Ale,Pale Ale | 5.2% | 33 cl,£ 2.29,(3.66),out of stock
Moor Hoppiness,IPA | 6.5% | 33 cl,£ 2.95,(3.90),out of stock
Jessenhofke TRPL,Tripel Beer | 8.0% | 33 cl,£ 2.99,(3.42),out of stock
De Dolle Oerbier,Quadrupel Beer | 9.0% | 33 cl,£ 3.59,(3.86),out of stock
Grimbergen Blond,Blond Beer | 6.7% | 33 cl,£ 2.59,(3.50),in stock
Petrus Rood Bruin,Sour Beer | 5.5% | 33 cl,£ 2.29,(3.59),out of stock
Leffe Tripel,Tripel Beer | 8.5% | 33 cl,£ 3.09,(3.69),in stock
Weihenstephaner Vitus,Bock Beer | 7.7% | 50 cl,£ 3.39,(3.93),out of stock
La Débauche Nevermore,Porter & Stout | 9.5% | 33 cl,£ 4.29,(4.01),out of stock
Sapporo Premium Beer,Lager | 4.7% | 33 cl,£ 2.69,(3.17),in stock
Two Chefs Brewing Howling Wolf,Porter & Stout | 8.0% | 33 cl,£ 2.99,(3.56),out of stock
Welde Badisch Gose,Sour Beer | 4.6% | 33 cl,£ 2.49,(3.51),out of stock
Steenbrugge Dubbel,Dubbel Beer | 6.5% | 33 cl,£ 2.79,(3.45),in stock
Piraat Tripel Hop,Blond Beer | 10.5% | 33 cl,£ 3.19,(3.64),out of stock
Cinema Brewers King Kong,Tripel Beer | 8.0% | 33 cl,£ 3.39,(3.40),out of stock
Jopen Adriaan Wit,White Beer | 5.0% | 33 cl,£ 2.69,(3.47),out of stock
Magic Rock Inhaler,IPA | 4.5% | 33 cl,£ 2.89,(3.80),out of stock
Steamworks Pale Ale,Pale Ale | 5.2% | 33 cl,£ 2.99,(3.50),out of stock
Lindemans Pêcheresse,Fruit Beer | 2.5% | 25 cl,£ 2.09,(3.59),in stock
Oedipus Avatar,Pilsner & Hoppy Lager | 4.5% | 33 cl,£ 2.49,(3.50),out of stock
Kompaan Bondgenoot,Pale Ale | 5.2% | 33 cl,£ 2.79,(3.32),in stock
Schoppe Bräu No Juice,IPA | 0.5% | 33 cl,£ 2.69,none,out of stock
Moncada Blueprint Floor Shaker,IPA | 6.2% | 44 cl,£ 3.75,none,out of stock
La Trappe Tripel,Tripel Beer | 8.0% | 33 cl,£ 2.99,(3.81),in stock
Dos Equis Lager Especial,Lager | 4.5% | 36 cl,£ 1.79,(3.09),in stock
Texels Seumerfeugel,White Beer | 3.9% | 30 cl,£ 2.39,(3.41),out of stock
Frontaal Rhodesian,Barley Wine | 11.3% | 33 cl,£ 4.19,(3.76),out of stock
Mc Chouffe,Brown Ale | 8.0% | 33 cl,£ 3.09,(3.69),out of stock
La Débauche Superbia Session Neipa,IPA | 4.5% | 33 cl,£ 3.39,(3.69),out of stock
Mélusine Puy d'enfer,Tripel Beer | 8.5% | 33 cl,£ 2.99,(3.38),out of stock
La Débauche Super Vanilla Brew,Porter & Stout | 5.9% | 33 cl,£ 2.89,(3.78),out of stock
Delirium Nocturnum,Quadrupel Beer | 8.5% | 33 cl,£ 3.29,none,out of stock
Brewdog Lost Lager,Pilsner & Hoppy Lager | 4.7% | 33 cl,£ 2.39,none,in stock
BrewDog Jack Hammer Can,| 7.2% | 33 cl,£ 3.49,none,out of stock
La Bleue du Mont Blanc,Fruit Beer | 5.8% | 33 cl,£ 2.69,(2.86),in stock
BrewDog Raspberry Blitz,Sour Beer | 0.5% | 33 cl,£ 2.29,(2.88),out of stock
Mondo Figgie Smalls,| 8.9% | 33 cl,£ 3.69,none,out of stock
Moor PMA,Pale Ale | 5.0% | 33 cl,£ 2.89,(3.71),out of stock
Lowlander Yuzu & Grapefruit,Fruit Beer | 2.5% | 33 cl,£ 2.49,(3.24),out of stock
Moor All Dayer,IPA | 3.5% | 33 cl,£ 2.59,(3.55),out of stock
Five Points Hook Island Red,Amber & Red Ale | 6.0% | 33 cl,£ 2.89,none,out of stock
Frankendael Three Idiots Tripel Spiced (T.I.T.S.),Tripel Beer | 9.5% | 33 cl,£ 3.59,(3.50),out of stock
Piston Head Haze Lager,Lager | 5.1% | 33 cl,£ 1.89,(3.32),out of stock
Bronckhorster Hoptimist,IPA | 9.5% | 33 cl,£ 3.19,(3.69),out of stock
Steamworks Heroica Red Ale,Amber & Red Ale | 5.6% | 33 cl,£ 2.99,(3.57),out of stock
La Blonde Sans Gluten de Vézelay,Blond Beer | 4.6% | 25 cl,£ 2.49,(2.78),out of stock
Palm Session IPA,IPA | 3.5% | 33 cl,£ 2.29,(3.21),out of stock
Instock Pieper Bier,Blond Beer | 4.7% | 33 cl,£ 2.79,(3.16),out of stock
Brixton Electric IPA,IPA | 6.5% | 33 cl,£ 2.89,none,out of stock
BrewDog Quench Quake,Sour Beer | 4.6% | 33 cl,£ 2.39,none,out of stock
Choulette Blonde,Blond Beer | 7.5% | 33 cl,£ 2.69,(3.34),in stock
Silly Pils Bio,Pilsner & Hoppy Lager | 5.0% | 25 cl,£ 1.79,(2.85),in stock
Bush Triple,Blond Beer | 10.5% | 33 cl,£ 3.19,(3.55),out of stock
La Blanche Sans Gluten de Vézelay,German Wheat Beer | 4.4% | 25 cl,£ 2.69,(2.97),out of stock
Cuvee Watou 8,Blond Beer | 8.0% | 33 cl,£ 2.59,(3.33),out of stock
La Trappe Dubbel,Dubbel Beer | 7.0% | 33 cl,£ 2.59,(3.63),out of stock
First Chop IPA,IPA | 5.0% | 33 cl,£ 2.95,(2.91),out of stock
Troost Virgin IPA,IPA | 0.5% | 33 cl,£ 2.29,(2.71),in stock
Two Chefs Funky Falcon,Pale Ale | 5.2% | 33 cl,£ 2.79,(3.61),out of stock
Lindemans Faro,Sour Beer | 4.5% | 25 cl,£ 2.09,(3.54),out of stock
Pistonhead Flat Tire,Pilsner & Hoppy Lager | 4.5% | 33 cl,£ 2.09,none,out of stock
La Trappe Quadrupel,Quadrupel Beer | 10.0% | 33 cl,£ 3.29,(4.00),out of stock
Grailee's,German Wheat Beer | 4.0% | 33 cl,£ 2.59,(3.34),out of stock
Hiver Blonde,Blond Beer | 4.5% | 33 cl,£ 2.39,none,out of stock
La Rouget De Lisle La Marseillaise,Saison Beer | 6.0% | 33 cl,£ 2.69,(3.32),out of stock
Ninkasi Pale Ale,Amber & Red Ale | 4.5% | 33 cl,£ 2.59,(3.43),out of stock
Brothers in Law East Coast Porter,Porter & Stout | 7.7% | 33 cl,£ 3.29,(3.59),out of stock
Blanche Watou Witbier,White Beer | 4.8% | 33 cl,£ 1.89,(3.11),out of stock
Lowlander White Ale,White Beer | 5.0% | 33 cl,£ 2.99,(3.48),in stock
Beavertown Lupuloid,IPA | 6.7% | 33 cl,£ 2.89,none,out of stock
John Smiths Extra Smooth,Pale Ale | 3.6% | 50 cl,£ 2.09,(2.89),in stock
Texels Blond,Blond Beer | 5.0% | 33 cl,£ 2.49,(3.60),out of stock
St. Bernardus Abt 12,Quadrupel Beer | 10.0% | 33 cl,£ 3.29,(4.11),out of stock
La Débauche Shut up and drink !,IPA | 10.0% | 44 cl,£ 5.19,(4.07),out of stock
Strongbow Dark Fruit - SUB Keg,Cider | 4.0% | 2 Litres,£ 8.99,none,out of stock
Brouwerij de Brabandere Petrus Cherry Chocolate Nitro Quad,Quadrupel Beer | 8.5% | 33 cl,£ 2.99,(3.86),out of stock
Brewlyn Weizen 0.0%,German Wheat Beer | 0.0% | 33 cl,£ 1.59,none,out of stock
Duvel Tripel Hop,Blond Beer | 9.5% | 33 cl,£ 3.39,(3.77),out of stock
Maredsous Brune,Dubbel Beer | 8.0% | 33 cl,£ 2.99,(3.66),out of stock
Bacchus Framboos,Fruit Beer | 5.0% | 38 cl,£ 3.19,(3.60),in stock
Brouwerij Noordt Pomelo IPA,IPA | 6.0% | 33 cl,£ 3.09,(3.65),out of stock
Erdinger Hefeweizen,German Wheat Beer | 5.3% | 50 cl,£ 2.69,(3.71),in stock
Gallia Red Star Ale,Amber & Red Ale | 5.6% | 33 cl,£ 2.89,(3.34),out of stock
Westmalle Dubbel,Dubbel Beer | 7.0% | 33 cl,£ 2.49,(3.76),out of stock
Poesiat & Kater: Van Vollenhoven Falcon Ale,Pale Ale | 4.5% | 33 cl,£ 2.69,(3.40),out of stock
Delirium Tremens - Draught Keg,Blond Beer | 8.5% | 5 Litres,£ 40.35,(3.94),out of stock
St. Bernardus Pater 6,Dubbel Beer | 6.7% | 33 cl,£ 2.59,(3.64),in stock
Baptist Wit,White Beer | 5.0% | 33 cl,£ 2.09,none,out of stock
Het Uiltje Pineapple Weizen,German Wheat Beer | 5.0% | 33 cl,£ 3.19,(3.35),out of stock
Chimay Blauw,Quadrupel Beer | 9.0% | 33 cl,£ 3.39,(3.99),out of stock
Gouden Carolus Classic,Quadrupel Beer | 8.5% | 33 cl,£ 3.09,(3.80),out of stock
Vagabund Brauerei Bindlestiff IPA,IPA | 6.2% | 33 cl,£ 3.19,(3.69),out of stock
Boon Geuze Mariage Parfait,Sour Beer | 8.0% | 38 cl,£ 4.99,(3.93),out of stock
Gulpener Korenwolf Witbier,White Beer | 5.0% | 30 cl,£ 2.29,(3.44),out of stock
St. Bernardus Prior 8,Dubbel Beer | 8.0% | 33 cl,£ 2.99,(3.81),in stock
Het Nest Schuppenboer Belgian Owl Barrel Aged,Tripel Beer | 10.0% | 33 cl,£ 3.69,(3.70),out of stock
De Molen Op & Top,Pale Ale | 4.5% | 33 cl,£ 2.29,(3.51),out of stock
La Débauche Tanuki,Porter & Stout | 6.1% | 33 cl,£ 3.59,(3.61),out of stock
Gallia Weissbier,German Wheat Beer | 5.2% | 33 cl,£ 2.69,(3.13),out of stock
Baptist Saison,Saison Beer | 6.5% | 33 cl,£ 2.19,(3.21),out of stock
Gebrouwen Door Vrouwen Strawberry Blond,Blond Beer | 6.3% | 33 cl,£ 2.99,none,in stock
Wilderen Kriek,Fruit Beer | 3.5% | 25 cl,£ 3.09,(3.24),out of stock
Brouwerij 't IJ Zatte Tripel,Tripel Beer | 8.0% | 33 cl,£ 2.79,(3.70),out of stock
Gulpener Ur-Hop,| 6.0% | 30 cl,£ 2.29,(3.50),in stock
Uiltje Brewing Company Wingman,White Beer | 6.0% | 33 cl,£ 3.49,(3.32),out of stock
Het Uiltje Miss Hooter,IPA | 4.4% | 33 cl,£ 2.99,(3.54),out of stock
Wiper & True Milkshake,Porter & Stout | 5.6% | 33 cl,£ 2.89,(3.88),out of stock
Brewlyn Lager 0.0%,Lager | 0.0% | 33 cl,£ 1.59,none,out of stock
Lowlander 0% Wit,White Beer | 0.0% | 33 cl,£ 2.39,(3.16),out of stock
Van Moll Opgebokt!,Bock Beer | 7.2% | 33 cl,£ 2.89,(3.48),out of stock
Rock City Brewing SmulBock,Bock Beer | 9.0% | 33 cl,£ 3.79,(3.71),out of stock
Wild Beer Co Bibble - SUB Keg,Pale Ale | 4.2% | 2 Litres,£ 15.99,(3.67),out of stock
Poperings Hommelbier,Blond Beer | 7.5% | 33 cl,£ 2.69,(3.52),in stock
Gulden Draak,Quadrupel Beer | 10.5% | 33 cl,£ 3.39,(3.88),out of stock
De Eeuwige Jeugd Bullebak,Tripel Beer | 7.7% | 33 cl,£ 3.49,(3.53),in stock
Newcastle Brown Ale,Brown Ale | 4.7% | 33 cl,£ 2.19,(3.42),out of stock
Brouwerij Noordt Noordtsingle,Lager | 4.5% | 33 cl,£ 2.79,(3.52),out of stock
De Eeuwige Jeugd Bokkelul,Bock Beer | 6.5% | 33 cl,£ 3.29,none,out of stock
Budweiser Budvar Original,Pilsner & Hoppy Lager | 5.0% | 33 cl,£ 2.29,(3.28),in stock
Weihenstephaner Korbinian,Bock Beer | 7.4% | 50 cl,£ 3.09,(3.84),out of stock
De Leckere Rode Toren,Bock Beer | 6.5% | 25 cl,£ 2.49,(3.41),out of stock
Brussels Beer Project Dark Sister,IPA | 6.7% | 33 cl,£ 3.09,(3.70),out of stock
De Eeuwige Jeugd Gladjanus,IPA | 4.6% | 33 cl,£ 3.19,(3.51),out of stock
Adriaen Brouwer Winterwood,Quadrupel Beer | 10.0% | 33 cl,£ 3.39,(3.40),in stock
Gipsy Hill Ranger,Pale Ale | 3.6% | 33 cl,£ 2.49,(3.61),out of stock
Walhalla Heimdall,Bock Beer | 8.5% | 33 cl,£ 3.69,(3.76),out of stock
Wilderen Kriek,Fruit Beer | 3.5% | 33 cl,£ 2.39,(3.24),out of stock
Walhalla Osiris,Saison Beer | 7.0% | 33 cl,£ 3.19,(3.53),out of stock
Jopen Extra Stout,Porter & Stout | 5.5% | 33 cl,£ 2.89,(3.44),out of stock
Lost+Found Session IPA R3,IPA | 4.6% | 33 cl,£ 3.29,(3.84),out of stock
"Budels Malt 0,0%",Lager | 0.0% | 30 cl,£ 1.69,(2.11),in stock
Wild Beer Co Modus Operandi,Sour Beer | 7.0% | 33 cl,£ 4.20,(3.70),out of stock
Gulden Draak Quadruple,Quadrupel Beer | 10.5% | 33 cl,£ 3.79,(3.94),out of stock
Lindemans Framboos,Fruit Beer | 2.5% | 25 cl,£ 2.39,(3.94),in stock
Engelszell Benno,Dubbel Beer | 6.9% | 33 cl,£ 4.09,(3.50),out of stock
Scheldebrouwerij Oesterstout,Porter & Stout | 8.5% | 33 cl,£ 3.29,(3.55),out of stock
Moor So'Hop,Pale Ale | 4.1% | 33 cl,£ 2.39,(3.70),out of stock
Crew Republic Foundation 11,Pale Ale | 5.6% | 33 cl,£ 2.89,(3.63),in stock
Erdinger Hefeweizen Dunkel,German Wheat Beer | 5.3% | 50 cl,£ 2.79,(3.22),out of stock
Houppe,Blond Beer | 7.5% | 33 cl,£ 3.19,(3.73),out of stock
Emelisse Barley Wine,Barley Wine | 12.0% | 33 cl,£ 3.89,(3.78),out of stock
Cuvée des Trolls,Blond Beer | 7.0% | 25 cl,£ 2.19,(3.51),out of stock
Oedipus Swingers,Sour Beer | 4.0% | 33 cl,£ 3.19,(3.40),out of stock
Kasteel Donker,Quadrupel Beer | 11.0% | 33 cl,£ 3.39,(3.69),out of stock
Jopen Jacobus RPA,Pale Ale | 5.5% | 33 cl,£ 2.89,(3.48),in stock
Jopen 4 Granen Bokbier,Bock Beer | 6.5% | 33 cl,£ 2.79,(3.50),out of stock
Belfort 9°,Quadrupel Beer | 9.0% | 33 cl,£ 3.19,(3.50),out of stock
Liefmans Goudenband,Sour Beer | 8.0% | 33 cl,£ 3.19,(3.83),in stock
Het Nest Hertenheer,Blond Beer | 4.8% | 33 cl,£ 3.49,(3.32),out of stock
Walhalla Loki,IPA | 5.5% | 33 cl,£ 2.99,(3.63),out of stock
Liefmans Fruitesse,Fruit Beer | 3.8% | 25 cl,£ 2.19,(3.34),out of stock
Emelisse Vanille Ice Cream Stout,Porter & Stout | 5.5% | 33 cl,£ 3.39,(3.66),out of stock
Two Chefs Brewing Funky Falcon,Pale Ale | 5.2% | 33 cl,£ 2.69,(3.61),out of stock
Crew Republic Roundhouse Kick,Porter & Stout | 9.2% | 33 cl,£ 3.69,(3.78),out of stock
Fagnes Blonde,Blond Beer | 7.5% | 33 cl,£ 3.49,(3.48),out of stock
Fuller's Honey Dew,Blond Beer | 5.0% | 33 cl,£ 2.59,(3.36),out of stock
Wilderen Kanunnik Tripel,Tripel Beer | 8.2% | 33 cl,£ 3.09,(3.76),in stock
Moor Return Of The Empire,IPA | 5.7% | 33 cl,£ 2.59,(3.70),out of stock
Bird Brewery De Rumoerige Roodborst,Amber & Red Ale | 5.8% | 33 cl,£ 2.99,(3.58),out of stock
De Leckere Gulden Craen,Blond Beer | 6.0% | 25 cl,£ 2.29,(3.40),in stock
Vedett Extra Ordinary IPA,IPA | 5.5% | 33 cl,£ 2.49,(3.56),out of stock
La Verte du Mont Blanc,Blond Beer | 5.9% | 33 cl,£ 2.79,(2.83),out of stock
Corsican IPA,IPA | 6.0% | 33 cl,£ 2.69,(3.49),out of stock
Brasserie De Sutter Folle FurieuZ,Tripel Beer | 9.0% | 33 cl,£ 3.19,(3.52),out of stock
Seven Bro7hers Easy IPA,IPA | 4.7% | 33 cl,£ 2.69,(3.49),out of stock
Two Chefs Brewing White Mamba,White Beer | 5.0% | 33 cl,£ 2.79,(3.46),in stock
Steamworks Killer Cucumber Ale,Pale Ale | 4.7% | 33 cl,£ 2.99,(3.41),out of stock
Mélusine,Blond Beer | 6.5% | 33 cl,£ 2.59,(3.26),in stock
Palm Hop Select,Pale Ale | 6.0% | 33 cl,£ 2.69,(3.34),out of stock
Brasserie De Sutter La Folle des Bois,Fruit Beer | 6.8% | 33 cl,£ 2.79,(3.04),out of stock
Brasserie De Sutter Ictis,Blond Beer | 6.2% | 33 cl,£ 2.79,(3.56),out of stock
Lindemans Apple,Fruit Beer | 4.0% | 25 cl,£ 2.09,(3.36),in stock
La Rousse du Mont Blanc,Amber & Red Ale | 6.5% | 33 cl,£ 2.69,(3.54),out of stock
Steamworks Flagship IPA,IPA | 6.7% | 33 cl,£ 2.99,(3.95),in stock
North Brewing Co Pinata,Pale Ale | 4.5% | 33 cl,£ 2.79,none,out of stock
And Union UNFLT,Lager | 5.0% | 33 cl,£ 2.39,(3.49),out of stock
Kehrwieder Kreativbrauerei Prototyp Lager,Pilsner & Hoppy Lager | 5.9% | 33 cl,£ 2.89,(3.76),out of stock
Siren Yu Lu,IPA | 3.6% | 33 cl,£ 2.29,(3.54),out of stock
Baladin Leon,Quadrupel Beer | 9.0% | 33 cl,£ 3.89,(3.78),out of stock
Vandestreek Bock jij of bock ik?,Bock Beer | 0.5% | 33 cl,£ 2.59,none,out of stock
Frankendael White Bastard,White Beer | 5.5% | 33 cl,£ 2.99,(3.32),out of stock
Harviestoun Ola Dubh 12 Year,Porter & Stout | 8.0% | 33 cl,£ 4.99,(4.03),out of stock
Moncada Mandarina Blonde,Blond Beer | 4.2% | 33 cl,£ 2.39,none,out of stock
Steamworks Jasmine IPA,IPA | 6.5% | 33 cl,£ 2.99,(3.66),out of stock
Ayinger Urweisse,German Wheat Beer | 5.8% | 50 cl,£ 2.89,(3.79),out of stock
Harviestoun Bitter & Twisted,Blond Beer | 4.2% | 33 cl,£ 2.99,(3.42),in stock
Paljas Rosé,Fruit Beer | 3.8% | 25 cl,£ 1.99,(2.78),out of stock
Seven Bro7hers Watermelon Wheat Beer,White Beer | 4.5% | 33 cl,£ 2.49,(3.49),out of stock
Brugse Zot Sport Zot,Blond Beer | 0.4% | 33 cl,£ 2.39,(2.97),in stock
Magic Rock Dark Arts,Porter & Stout | 6.0% | 33 cl,£ 2.89,(3.76),out of stock
Beavertown Smog Rocket,Porter & Stout | 5.4% | 33 cl,£ 2.59,(3.76),out of stock
Hopfmeister Brazilian Road Trip,Porter & Stout | 6.5% | 33 cl,£ 3.99,(3.19),out of stock
Frankendael Tramp Stamp,Saison Beer | 3.5% | 33 cl,£ 2.89,(3.69),out of stock
Beavertown 8 Ball,IPA | 6.2% | 33 cl,£ 2.59,(3.81),out of stock
First Chop AVA,Blond Beer | 3.5% | 33 cl,£ 2.39,(3.25),out of stock
L'Ambrée Sans Gluten de Vézelay,Amber & Red Ale | 5.6% | 25 cl,£ 2.69,(3.04),out of stock
North Brewing Co Transmission,IPA | 6.9% | 33 cl,£ 2.79,none,out of stock
Kehrwieder Kreativbrauerei ü.NN - überNormalNull,| 0.4% | 33 cl,£ 2.49,(3.37),in stock
Paljas IPA,IPA | 6.0% | 33 cl,£ 2.29,(3.47),out of stock
Hite Pale Lager,Lager | 4.3% | 33 cl,£ 2.19,(2.72),out of stock
Brasserie De Sutter Dément'brée,Amber & Red Ale | 7.0% | 33 cl,£ 2.69,(3.25),out of stock
Chang Beer,Lager | 5.0% | 32 cl,£ 2.39,(2.93),out of stock
Moncada Blueprint Verano,Pale Ale | 3.5% | 44 cl,£ 3.55,none,out of stock
ÜberQuell World White IPA,IPA | 6.5% | 33 cl,£ 2.69,(3.47),out of stock
Seven Bro7hers Marshmallow Stout,Porter & Stout | 4.0% | 33 cl,£ 2.49,none,out of stock
BrewDog Jet Black Heart Can,Porter & Stout | 4.7% | 33 cl,£ 2.69,none,out of stock
Het Uiltje Dr. Raptor,IPA | 9.2% | 33 cl,£ 3.89,(3.85),out of stock
Mélusine Love and Flowers,White Beer | 4.2% | 33 cl,£ 2.49,(3.18),in stock
Saigon Export,Lager | 4.9% | 36 cl,£ 2.39,(2.81),out of stock
Hertog Jan Grand Prestige,Barley Wine | 10.0% | 30 cl,£ 2.99,(3.83),out of stock
Brussels Beer Project Wunder Lager,Pilsner & Hoppy Lager | 3.8% | 33 cl,£ 2.49,(3.43),out of stock
Musa Red Zeppelin,IPA | 5.0% | 33 cl,£ 2.79,(3.53),out of stock
Straffe Hendrik Quadruppel,Quadrupel Beer | 11.0% | 33 cl,£ 3.99,(3.94),out of stock
Het Nest Wild Card Sour Blend 2019,Sour Beer | 9.0% | 33 cl,£ 3.50,(3.46),out of stock
La Débauche IPA,IPA | 6.0% | 33 cl,£ 3.19,(3.66),out of stock
Fagnes Tripel,Tripel Beer | 9.0% | 33 cl,£ 3.49,(3.52),in stock
Walhalla Ymir West Coast Pale Ale,Pale Ale | 5.0% | 33 cl,£ 3.49,none,out of stock
Les 3 Croquants La Rousse du Printemps,Amber & Red Ale | 5.5% | 33 cl,£ 2.69,none,out of stock
Unity Collision South Coast,IPA | 6.2% | 44 cl,£ 3.99,(3.84),out of stock
Kapittel Watou Blond 6,Blond Beer | 6.5% | 33 cl,£ 2.19,(3.36),out of stock
Kapittel Watou Prior 9,Brown Ale | 6.0% | 33 cl,£ 2.29,(3.49),out of stock
Brouwerij 't IJ Struis Bio,Barley Wine | 9.0% | 33 cl,£ 3.39,(3.57),out of stock
Edelweiss Hefetrüb - SUB Keg,German Wheat Beer | 5.3% | 2 Litres,£ 8.49,(3.59),out of stock
Peroni Nastro Azzurro,Lager | 5.1% | 33 cl,£ 2.49,(3.14),in stock
Brouwerij Noordt Lentebier,Pale Ale | 6.0% | 33 cl,£ 3.09,(3.48),out of stock
Unity Congregate,Pale Ale | 4.2% | 44 cl,£ 3.40,(3.47),out of stock
Mondo ALL CAPS,Pilsner & Hoppy Lager | 4.5% | 33 cl,£ 2.69,none,out of stock
Barrel-Aged n°1 de la Brasserie du Mont Blanc,Amber & Red Ale | 7.9% | 33 cl,£ 4.49,none,in stock
Moncada Blueprint Impy Custard,Porter & Stout | 10.4% | 33 cl,£ 4.49,(4.22),out of stock
Strubbe Keyte Oostendse Tripel,Tripel Beer | 7.7% | 33 cl,£ 2.59,(3.45),out of stock
Moncada Buco,Pale Ale | 4.5% | 33 cl,£ 2.59,none,in stock
Kapittel Watou Triple Abt 10,Tripel Beer | 10.0% | 33 cl,£ 2.89,(3.56),out of stock
Gallia West IPA,IPA | 6.0% | 33 cl,£ 2.89,(3.56),out of stock
First Chop F.C. Pilsner,Pilsner & Hoppy Lager | 4.8% | 44 cl,£ 2.69,none,out of stock
Musa Frank APA,Pale Ale | 5.0% | 33 cl,£ 2.69,(3.61),in stock
Fagnes Gold,Lager | 5.1% | 33 cl,£ 2.39,(3.41),in stock
Musa Saison O'Connor,Saison Beer | 6.5% | 33 cl,£ 2.69,(3.42),in stock
Grolsch Kruidige Tripel,Tripel Beer | 8.3% | 45 cl,£ 3.99,(3.50),in stock
Instock Bammetjes Bier,German Wheat Beer | 4.5% | 33 cl,£ 2.79,(3.14),in stock
Vedett Extra White,White Beer | 4.7% | 33 cl,£ 2.29,(3.55),out of stock
Bière Des Sans-Culottes L'ambrée,Amber & Red Ale | 9.0% | 33 cl,£ 2.99,(3.25),out of stock
Musa Baltic Sabbath,Porter & Stout | 7.0% | 33 cl,£ 2.99,(3.60),out of stock
Boon Framboise,Fruit Beer | 5.0% | 38 cl,£ 3.79,(3.53),in stock
La Débauche Cute & Sober,Blond Beer | 0.5% | 33 cl,£ 3.09,(3.38),out of stock
Petrus Aged Pale,Sour Beer | 7.3% | 33 cl,£ 2.69,(3.73),out of stock
La Débauche Kiss My Ace,Blond Beer | 5.5% | 33 cl,£ 3.19,(3.56),out of stock
Wieckse Witte - SUB Keg,White Beer | 5.0% | 2 Litres,£ 8.99,none,out of stock
Bière Des Sans-Culottes Historique,Blond Beer | 7.0% | 33 cl,£ 2.49,(3.35),out of stock
Grisette Triple Bio,Tripel Beer | 8.0% | 25 cl,£ 2.49,(3.67),out of stock
La Débauche Black Ale India Stout,IPA | 8.0% | 33 cl,£ 3.09,(3.79),in stock
Maisel & Friends Hopfenreiter 2019,IPA | 8.5% | 33 cl,£ 2.99,(4.04),out of stock
Galibier Snowball Lager,Lager | 5.2% | 33 cl,£ 2.99,(3.10),out of stock
La Débauche Slap a Banker,Barley Wine | 12.0% | 33 cl,£ 4.19,(3.76),out of stock
Moncada Blueprint Big Ole Beer,Porter & Stout | 9.0% | 33 cl,£ 4.49,(4.40),out of stock
Mondo Van Dammage,IPA | 6.0% | 33 cl,£ 3.19,none,out of stock
Het Uiltje Trackdown,Pale Ale | 5.2% | 33 cl,£ 2.89,(3.61),in stock
Walhalla Juno,Blond Beer | 4.5% | 33 cl,£ 2.39,(3.31),out of stock
Poesiat & Kater Muuke,Pale Ale | 5.7% | 33 cl,£ 2.99,(3.52),out of stock
Desperados Red - Draught Keg,Fruit Beer | 5.9% | 5 Litres,£ 22.99,(2.80),out of stock
Lowlander American Pale Ale,Pale Ale | 4.5% | 33 cl,£ 3.19,(3.34),out of stock
Gebrouwen Door Vrouwen Bloesem Blond,Blond Beer | 6.2% | 33 cl,£ 2.99,(3.51),out of stock
Brlo C4PO Westcoast IPA,IPA | 7.0% | 33 cl,£ 2.59,(3.64),out of stock
Frontaal South,German Wheat Beer | 4.8% | 33 cl,£ 2.99,(3.17),out of stock
Rochefort 10',Quadrupel Beer | 11.3% | 33 cl,£ 3.99,(4.26),out of stock
Põhjala Must Kuld,Porter & Stout | 7.8% | 33 cl,£ 3.99,(3.79),out of stock
Orval,Blond Beer | 6.2% | 33 cl,£ 2.69,(3.92),out of stock
Cobra,Lager | 4.8% | 33 cl,£ 2.39,(2.90),out of stock
Engelszell Gregorius,Quadrupel Beer | 10.5% | 33 cl,£ 4.59,(3.71),out of stock
N'ice Chouffe,Quadrupel Beer | 10.0% | 33 cl,£ 2.99,none,out of stock
Heineken 0.0,Lager | 0.0% | 30 cl,£ 1.49,(2.30),out of stock
Stone Berliner Weisse,Sour Beer | 4.7% | 33 cl,£ 2.79,(3.33),out of stock
Brouwerij de Brabandere Petrus Nitro Quad,Quadrupel Beer | 11.5% | 33 cl,£ 2.99,(3.70),out of stock
De Koninck Wild Jo,Blond Beer | 5.8% | 33 cl,£ 2.79,(3.25),in stock
Pilsner Urquell,| 4.4% | 33 cl,£ 2.29,(3.35),out of stock
Rivière d'Ain Brune,Dubbel Beer | 7.4% | 33 cl,£ 3.49,(3.57),out of stock
Crate Cider,Cider | 4.7% | 33 cl,£ 2.59,(3.47),out of stock
Two Chefs Brewing Tropical Ralphie,German Wheat Beer | 5.0% | 33 cl,£ 2.79,(3.45),in stock
Moor Pils,Pilsner & Hoppy Lager | 5.2% | 33 cl,£ 2.89,none,out of stock
Brand Lentebock - SUB Keg,Bock Beer | 6.5% | 2 Litres,£ 9.99,none,out of stock
Kompaan Bloedbroeder,Porter & Stout | 9.1% | 33 cl,£ 3.69,(3.58),out of stock
Two Chefs Brewing Green Bullet IPA,IPA | 5.7% | 33 cl,£ 2.29,(3.64),out of stock
Troost Cerveza Extraordinaria,Lager | 4.5% | 30 cl,£ 2.69,(3.22),out of stock
Maisel & Friends Alkoholfrei,Pale Ale | 0.5% | 33 cl,£ 1.99,(3.68),out of stock
Affligem Fris Blond 4.6 - SUB Keg,Blond Beer | 4.6% | 2 Litres,£ 8.99,(3.32),out of stock
Zundert Trappist 8,Tripel Beer | 8.0% | 33 cl,£ 3.49,(3.70),out of stock
Moncada Blueprint The safe word is Kolsch,| 4.7% | 44 cl,£ 3.99,none,out of stock
La Débauche Sweet Sorrows,IPA | 8.2% | 44 cl,£ 4.89,(3.88),out of stock
Lindemans Cassis,Fruit Beer | 3.5% | 25 cl,£ 2.29,(3.67),out of stock
Bush Caractère,Quadrupel Beer | 12.0% | 33 cl,£ 3.49,(3.69),out of stock
Bronckhorster Nightporter,Porter & Stout | 8.0% | 33 cl,£ 3.69,(3.46),out of stock
Force Majeure Traditional Blond,Blond Beer | 0.4% | 33 cl,£ 2.19,(3.30),out of stock
Delirium Tremens,Blond Beer | 8.5% | 33 cl,£ 3.09,(3.94),out of stock
Oedipus/Gulpener Flitspopper,Sour Beer | 7.5% | 30 cl,£ 3.19,(3.46),out of stock
Big Drop Double Strike Sour,Sour Beer | 0.5% | 33 cl,£ 2.09,(2.29),out of stock
Bird Brewery Datisandere Koekoek,Saison Beer | 5.6% | 33 cl,£ 2.89,(3.46),out of stock
Crate Sticky Toffee Stout,Porter & Stout | 5.0% | 33 cl,£ 2.99,(3.49),out of stock
Gouden Carolus Tripel,Tripel Beer | 9.0% | 33 cl,£ 3.19,(3.89),in stock
Affligem Patersvat,Blond Beer | 6.8% | 30 cl,£ 2.49,(3.50),out of stock
Brussels Beer Project Delta Ipa,IPA | 6.5% | 33 cl,£ 2.85,(3.73),out of stock
Wild Beer Co Epic Saison,Saison Beer | 5.0% | 33 cl,£ 2.49,none,out of stock
Wiper & True Sundance,IPA | 5.6% | 33 cl,£ 3.49,(3.72),out of stock
Big Drop Galactic Milk Stout,Porter & Stout | 0.5% | 33 cl,£ 2.09,(2.72),out of stock
Het Uiltje Dr. Raptor,IPA | 9.2% | 33 cl,£ 3.79,(3.85),out of stock
Oedipus Pilsner,Pilsner & Hoppy Lager | 5.0% | 33 cl,£ 2.79,(3.21),out of stock
Ninkasi Quadruple,Quadrupel Beer | 10.0% | 33 cl,£ 3.39,(3.75),out of stock
Achel Blond,Blond Beer | 8.0% | 33 cl,£ 3.19,(3.74),out of stock
La Trappe Blond,Blond Beer | 6.5% | 33 cl,£ 2.59,(3.71),out of stock
Grisette Blond Gluten Free,Blond Beer | 5.5% | 25 cl,£ 2.39,(3.02),out of stock
Texels Tripel,Tripel Beer | 8.5% | 30 cl,£ 2.99,(3.53),out of stock
"Piraat 10,5",Blond Beer | 10.5% | 33 cl,£ 2.99,(3.72),out of stock
St. Feuillien Belgian Coast IPA,IPA | 5.5% | 33 cl,£ 2.49,(3.46),out of stock
Brothers In Law Australian Pale Ale,Pale Ale | 5.8% | 33 cl,£ 2.89,none,out of stock
Lowlander American Pale Ale,Pale Ale | 4.5% | 33 cl,£ 3.19,(3.34),out of stock
First Chop SYL,IPA | 6.2% | 33 cl,£ 2.99,(3.58),out of stock
Wilderen Goud,Blond Beer | 6.2% | 33 cl,£ 2.49,(3.51),out of stock
Malheur 8,Blond Beer | 8.0% | 33 cl,£ 2.99,(3.51),out of stock
Cinema Brewers $5 Shake,White Beer | 5.5% | 33 cl,£ 2.89,(3.56),out of stock
Frontaal Billiard,Porter & Stout | 10.1% | 33 cl,£ 3.99,(3.65),out of stock
Engelszell Gregorius,Quadrupel Beer | 10.5% | 33 cl,£ 4.59,(3.71),out of stock
Liefmans Yell'oh,Fruit Beer | 3.8% | 25 cl,£ 2.09,(2.84),out of stock
Limburgse Witte,White Beer | 5.0% | 33 cl,£ 2.19,(3.52),out of stock
Troubadour Obscura,Brown Ale | 8.2% | 33 cl,£ 2.99,(3.61),out of stock
Moor Revival,Pale Ale | 3.8% | 33 cl,£ 2.59,(3.60),out of stock
Steenbrugge Wit,White Beer | 5.0% | 25 cl,£ 2.09,(3.33),out of stock
Kompaan Tommy Double Barrel,Barley Wine | 11.5% | 33 cl,£ 5.59,none,out of stock
De Koninck Wild Jo,Blond Beer | 5.8% | 33 cl,£ 2.79,(3.25),in stock
Bronckhorster Ijsselbock,Bock Beer | 7.0% | 33 cl,£ 3.39,(3.52),out of stock
BRLO Naked,Pale Ale | 0.2% | 33 cl,£ 2.49,(3.25),out of stock
Vicaris Tripel,Tripel Beer | 8.5% | 33 cl,£ 3.09,(3.63),out of stock
Troost Cerveza Extraordinaria,Lager | 4.5% | 30 cl,£ 2.69,(3.22),out of stock
Ninkasi Blanche,White Beer | 4.8% | 33 cl,£ 2.69,(3.42),in stock
Troubadour Westkust,IPA | 8.5% | 33 cl,£ 3.09,(3.82),out of stock
Baladin Nora,Blond Beer | 6.8% | 33 cl,£ 3.49,(3.63),out of stock
St. Feuillien Tripel,Tripel Beer | 8.5% | 33 cl,£ 2.89,(3.74),out of stock
Texels Vuurbaak,Pale Ale | 5.5% | 30 cl,£ 2.49,(3.50),out of stock
Bush Caractère,Quadrupel Beer | 12.0% | 33 cl,£ 3.49,(3.69),out of stock
Baladin Isaac,White Beer | 5.0% | 33 cl,£ 3.49,(3.57),in stock
Delirium Tremens,Blond Beer | 8.5% | 33 cl,£ 3.09,(3.94),out of stock
Magic Rock Common Grounds,Porter & Stout | 5.4% | 33 cl,£ 2.79,(3.80),out of stock
Sierra Nevada Pale Ale,Pale Ale | 5.6% | 36 cl,£ 3.69,(3.65),out of stock
Baladin Nazionale,Blond Beer | 6.5% | 33 cl,£ 3.49,(3.51),out of stock
Welde Kurpfalzbräu Helles,Lager | 5.2% | 50 cl,£ 2.29,(3.40),in stock
Kompaan Badgast,Pale Ale | 5.7% | 33 cl,£ 2.99,(3.38),in stock
Roman Rebelse Strop,Blond Beer | 6.9% | 33 cl,£ 2.79,(3.43),out of stock
Ename Blond,Blond Beer | 6.5% | 33 cl,£ 2.49,(3.44),out of stock
Walhalla Minerva,White Beer | 4.4% | 33 cl,£ 2.29,(3.22),in stock
Kompaan Boris The Butcher,Porter & Stout | 9.5% | 33 cl,£ 3.60,none,out of stock
Affligem Patersvat,Blond Beer | 6.8% | 30 cl,£ 2.49,(3.50),out of stock
Brussels Beer Project Delta Ipa,IPA | 6.5% | 33 cl,£ 2.85,(3.73),out of stock
Hoppebräu Helles,Lager | 4.9% | 50 cl,£ 2.49,(3.34),in stock
Saison De Silly,Saison Beer | 5.0% | 33 cl,£ 1.99,(3.32),out of stock
Viven Blond,Blond Beer | 6.1% | 33 cl,£ 2.89,(3.41),out of stock
Pietra,Lager | 6.0% | 33 cl,£ 2.69,(3.17),out of stock
Brussel Beer Project Babylone,Amber & Red Ale | 7.0% | 33 cl,£ 2.89,(3.52),out of stock
Galibier Avalanche Hefeweizen,German Wheat Beer | 5.0% | 33 cl,£ 2.99,(3.30),out of stock
Pêche Mel Bush,Fruit Beer | 8.5% | 33 cl,£ 3.09,(3.49),out of stock
North Brewing Co Sputnik,Pale Ale | 5.0% | 33 cl,£ 2.79,none,out of stock
Crate Sour,Sour Beer | 3.5% | 33 cl,£ 2.79,none,out of stock
De Eeuwige Jeugd Belhamel,IPA | 6.5% | 33 cl,£ 3.29,(3.64),out of stock
Steamworks Craft Lager,Pilsner & Hoppy Lager | 5.0% | 33 cl,£ 2.99,(3.55),out of stock
Moncada Notting Hill Pale,Pale Ale | 4.5% | 33 cl,£ 2.59,none,out of stock
Kompaan The Mentor,Pale Ale | 5.4% | 33 cl,£ 2.35,none,in stock
Cruzcampo Gran Reserva - SUB Keg,Lager | 6.4% | 2 Litres,£ 9.49,(3.10),out of stock
Le Stout de Vézelay,Porter & Stout | 5.5% | 25 cl,£ 2.49,(3.57),out of stock
Brasserie De Sutter Brin de Folie,Blond Beer | 6.5% | 33 cl,£ 2.69,(3.42),out of stock
Hellfest IPA,IPA | 6.7% | 33 cl,£ 3.09,(3.46),in stock
Musa Mick Lager,Pilsner & Hoppy Lager | 4.5% | 33 cl,£ 2.59,(3.32),out of stock
Frontaal Bulldog,IPA | 7.5% | 33 cl,£ 3.19,(3.54),in stock
Boon Oude Kriek,Sour Beer | 6.5% | 38 cl,£ 4.49,(3.65),out of stock
Schofferhofer Grapefruit Hefeweizen,German Wheat Beer | 2.5% | 50 cl,£ 1.89,none,out of stock
Gallia Session IPA,IPA | 4.3% | 33 cl,£ 2.89,(3.61),out of stock
Schoppe Bräu Juice,IPA | 5.6% | 33 cl,£ 2.99,(3.50),out of stock
Bellfield Lawless Village IPA,Lager | 4.5% | 33 cl,£ 2.49,(3.25),out of stock
Liefmans Kriek Brut,Sour Beer | 6.0% | 33 cl,£ 2.99,(3.76),out of stock
La Violette du Mont Blanc,Fruit Beer | 4.7% | 33 cl,£ 2.69,(2.69),out of stock
Moncada Notting Hill Stout,Porter & Stout | 5.0% | 33 cl,£ 2.59,none,out of stock
Pietra Bionda,Lager | 5.5% | 25 cl,£ 2.29,(3.12),out of stock
Walhalla Aphrodite Raspberry Berliner Weisse,Sour Beer | 4.0% | 33 cl,£ 3.39,none,out of stock
Five Points IPA,IPA | 7.1% | 33 cl,£ 2.49,none,out of stock
Fagnes Griottes,Fruit Beer | 4.8% | 33 cl,£ 2.39,(2.87),in stock
Crate IPA,IPA | 6.0% | 33 cl,£ 2.79,none,out of stock
Oedipus Madeleine,Bock Beer | 6.5% | 33 cl,£ 2.99,none,out of stock
Grolsch Lentebock,Bock Beer | 7.0% | 50 cl,£ 1.99,(3.21),out of stock
Brewdog Zombie Cake,Porter & Stout | 5.0% | 33 cl,£ 2.49,none,out of stock
Thornbridge Florida Weisse,Sour Beer | 4.5% | 33 cl,£ 2.59,none,out of stock
La Cristal IPA du Mont Blanc,IPA | 4.7% | 33 cl,£ 2.79,(3.44),in stock
Brothers in Law 0.5 Hoppy Lager,Pilsner & Hoppy Lager | 0.5% | 33 cl,£ 2.39,(3.40),out of stock
Kompaan WannaBee,White Beer | 5.5% | 33 cl,£ 2.89,(3.28),out of stock
Lowlander Ginger & Kaffir Lime,Fruit Beer | 2.5% | 33 cl,£ 2.49,(3.00),out of stock
Choulette Framboise,Fruit Beer | 6.0% | 33 cl,£ 2.49,(3.58),out of stock
Paulaner Oktoberfest,Lager | 6.0% | 50 cl,£ 2.99,(3.56),out of stock
Mondo Its a Trap Belgian Tripel,Tripel Beer | 9.3% | 33 cl,£ 4.19,none,out of stock
La Blonde du Mont Blanc,Blond Beer | 5.8% | 33 cl,£ 2.69,(3.36),out of stock
North Brewing Co Herzog,Lager | 5.0% | 33 cl,£ 2.49,none,out of stock
Choulette Ambrée,Amber & Red Ale | 8.0% | 33 cl,£ 2.79,(3.40),out of stock
Mondo Dennis Hopp'r Bottle,IPA | 5.3% | 33 cl,£ 2.89,none,out of stock
Pietra Rossa,Fruit Beer | 6.5% | 33 cl,£ 2.69,(2.76),out of stock
Musa Twist & Stout,Porter & Stout | 5.5% | 33 cl,£ 2.79,(3.34),in stock
Delirium Argentum,Blond Beer | 7.0% | 33 cl,£ 3.19,(3.70),out of stock
Grolsch Klassieke Blond,Blond Beer | 6.7% | 45 cl,£ 3.59,(3.63),out of stock
BrewDog Indie Pale Ale,| 4.2% | 33 cl,£ 2.49,none,out of stock
Bird of Prey,IPA | 5.8% | 33 cl,£ 2.89,(3.68),out of stock
Delirium Red - Draught Keg,Fruit Beer | 8.0% | 5 Litres,£ 40.35,(3.58),out of stock
Seven Bro7hers Amber Lager,Lager | 4.3% | 33 cl,£ 2.59,(3.39),out of stock
Five Points Pale - SUB Keg,Pale Ale | 4.4% | 2 Litres,£ 15.99,none,out of stock
Vagabund Brauerei Sessionable Healing,IPA | 4.5% | 33 cl,£ 2.99,(3.72),out of stock
Corsendonk Agnus Tripel,Tripel Beer | 7.5% | 33 cl,£ 2.89,(3.70),out of stock
Brand Weizen 0.0,German Wheat Beer | 0.0% | 33 cl,£ 1.79,(2.96),out of stock
Baptist Blond,Blond Beer | 5.0% | 33 cl,£ 2.09,(3.07),out of stock
Ninkasi French IPA,IPA | 5.4% | 33 cl,£ 2.79,(3.44),out of stock
Moor Stout,Porter & Stout | 5.0% | 33 cl,£ 2.89,(3.67),out of stock
Fourpure Star City,IPA | 7.4% | 44 cl,£ 4.59,(3.66),out of stock
Brewlyn IPA 0.0%,IPA | 0.0% | 33 cl,£ 1.59,none,out of stock
Gouden Carolus Classic,Quadrupel Beer | 8.5% | 33 cl,£ 2.79,(3.80),out of stock
Moncada Blueprint Nacho,IPA | 9.2% | 44 cl,£ 6.49,none,out of stock
Brand Weizen - SUB Keg,German Wheat Beer | 5.1% | 2 Litres,£ 8.99,(3.59),out of stock
Kees Pale Ale Citra,Pale Ale | 4.6% | 33 cl,£ 2.59,(3.51),out of stock
Gallia Lager,Blond Beer | 5.5% | 33 cl,£ 2.49,(3.06),out of stock
Vagabund Brauerei Chasing Sunsets,Sour Beer | 4.5% | 33 cl,£ 3.09,(3.68),out of stock
Crate Lager,Lager | 4.8% | 33 cl,£ 2.69,(3.30),out of stock
Tre Fontane / Spencer Sinergia '19,IPA | 7.3% | 33 cl,£ 4.79,(3.75),out of stock
De Leckere WIPA,IPA | 5.5% | 25 cl,£ 2.09,(3.47),out of stock
La Débauche Baltic Porter Cognac Barrel,Porter & Stout | 10.0% | 33 cl,£ 4.79,(3.95),out of stock
Big Drop Citra IPA Can,IPA | 0.5% | 33 cl,£ 2.09,(3.16),out of stock
Brutal Hale to Nothing,Pale Ale | 4.5% | 33 cl,£ 2.49,none,out of stock
Moncada Blueprint Chico,IPA | 6.3% | 44 cl,£ 5.49,none,out of stock
Big Drop Pine Trail Pale Ale,Pale Ale | 0.5% | 33 cl,£ 2.09,(2.79),out of stock
Vandestreek Man Man Mango,Blond Beer | 6.6% | 33 cl,£ 2.89,none,out of stock
Baptist IPA,IPA | 6.7% | 33 cl,£ 2.29,(3.37),out of stock
